{
  "G": {
    "text": {
      "answer": "Sarasota Memorial Hospital.",
      "scores": {
        "attempted": true,
        "P": 0.3333333333333333,
        "R": 0.1666666666666666,
        "F1": 0.2222222222222222
      }
    },
    "parsed": {
      "answer": [
        {
          "name": "Sarasota Memorial Hospital",
          "address": "1301 39th St E, Sarasota, FL 34234",
          "distance": 79,
          "azimuth_angle": 123
        }
      ],
      "scores": {
        "attempted": true,
        "P": 0.3333333333333333,
        "R": 0.1666666666666666,
        "F1": 0.2222222222222222
      }
    }
  },
  "GT": {
    "text": {
      "answer": "Sarasota Memorial Hospital.",
      "scores": {
        "attempted": true,
        "P": 0.3333333333333333,
        "R": 0.1666666666666666,
        "F1": 0.2222222222222222
      }
    },
    "parsed": {
      "answer": [
        {
          "name": "Sarasota Memorial Hospital",
          "address": "1301 12th St E, Sarasota, FL 34202",
          "distance": 79,
          "azimuth_angle": 134
        }
      ],
      "scores": {
        "attempted": true,
        "P": 0.3333333333333333,
        "R": 0.1666666666666666,
        "F1": 0.2222222222222222
      }
    }
  },
  "GR": {
    "text": {
      "answer": "Manatee Memorial Hospital",
      "scores": {
        "attempted": true,
        "P": 0.3333333333333333,
        "R": 0.1666666666666666,
        "F1": 0.2222222222222222
      }
    },
    "parsed": {
      "answer": [
        {
          "name": "Manatee Memorial Hospital",
          "address": "2500 1st Ave N, Bradenton, FL 34203",
          "count": null,
          "distance": 83,
          "length": null,
          "area": null,
          "azimuth_angle": 135
        }
      ],
      "scores": {
        "attempted": true,
        "P": 0.3333333333333333,
        "R": 0.1666666666666666,
        "F1": 0.2222222222222222
      }
    }
  },
  "L": {
    "text": {
      "answer": "The Sarasota Memorial Hospital is approximately forty kilometers southeast of Parker Manatee Aquarium, Bradenton, FL.",
      "scores": {
        "attempted": true,
        "P": 0.1666666666666666,
        "R": 0.3333333333333333,
        "F1": 0.2222222222222222
      }
    },
    "parsed": {
      "answer": [
        {
          "name": "Sarasota Memorial Hospital",
          "address": "1400 12th St E, Sarasota, FL 34239",
          "distance": 40,
          "azimuth_angle": 135
        }
      ],
      "scores": {
        "attempted": true,
        "P": 0.3333333333333333,
        "R": 0.1666666666666666,
        "F1": 0.2222222222222222
      }
    }
  },
  "LT": {
    "text": {
      "answer": "Sarasota Memorial Hospital is approximately eighty kilometers southeast of Parker Manatee Aquarium, Bradenton, FL.",
      "scores": {
        "attempted": true,
        "P": 0.1666666666666666,
        "R": 0.3333333333333333,
        "F1": 0.2222222222222222
      }
    },
    "parsed": {
      "answer": [
        {
          "name": "Sarasota Memorial Hospital",
          "address": "1301 2nd St, Sarasota, FL 34236",
          "distance": 80,
          "azimuth_angle": 135
        }
      ],
      "scores": {
        "attempted": true,
        "P": 0.3333333333333333,
        "R": 0.1666666666666666,
        "F1": 0.2222222222222222
      }
    }
  },
  "LR": {
    "text": {
      "answer": "Sarasota Memorial Hospital",
      "scores": {
        "attempted": true,
        "P": 0.3333333333333333,
        "R": 0.1666666666666666,
        "F1": 0.2222222222222222
      }
    },
    "parsed": {
      "answer": [
        {
          "name": "Sarasota Memorial Hospital",
          "address": "1301 2nd St, Sarasota, FL 34236",
          "count": null,
          "distance": 82,
          "length": null,
          "area": null,
          "azimuth_angle": 135
        }
      ],
      "scores": {
        "attempted": true,
        "P": 0.3333333333333333,
        "R": 0.1666666666666666,
        "F1": 0.2222222222222222
      }
    }
  }
}