{
  "G": {
    "text": {
      "answer": "Cleveland Museum of Art.",
      "scores": {
        "attempted": true,
        "P": 0.3333333333333333,
        "R": 0.0158730158730158,
        "F1": 0.0303030303030303
      }
    },
    "parsed": {
      "answer": [
        {
          "name": "Cleveland Museum of Art",
          "address": "11150 East Boulevard, Cleveland, OH 44106",
          "distance": 190,
          "azimuth_angle": 270
        }
      ],
      "scores": {
        "attempted": true,
        "P": 0.3333333333333333,
        "R": 0.3333333333333333,
        "F1": 0.3333333333333333,
        "distance_error": 0.0129574636119242
      }
    }
  },
  "GT": {
    "text": {
      "answer": "Cleveland Museum of Art",
      "scores": {
        "attempted": true,
        "P": 0.3333333333333333,
        "R": 0.0158730158730158,
        "F1": 0.0303030303030303
      }
    },
    "parsed": {
      "answer": [
        {
          "name": "Cleveland Museum of Art",
          "address": "11150 East Boulevard, Cleveland, OH 44106",
          "distance": 190,
          "azimuth_angle": 270
        }
      ],
      "scores": {
        "attempted": true,
        "P": 0.3333333333333333,
        "R": 0.3333333333333333,
        "F1": 0.3333333333333333,
        "distance_error": 0.0129574636119242
      }
    }
  },
  "GR": {
    "text": {
      "answer": "Cleveland Museum of Art",
      "scores": {
        "attempted": true,
        "P": 0.3333333333333333,
        "R": 0.0158730158730158,
        "F1": 0.0303030303030303
      }
    },
    "parsed": {
      "answer": [
        {
          "name": "Cleveland Museum of Art",
          "address": "11150 East Boulevard, Cleveland, OH 44106",
          "count": null,
          "distance": 190,
          "length": null,
          "area": null,
          "azimuth_angle": null
        }
      ],
      "scores": {
        "attempted": true,
        "P": 0.3333333333333333,
        "R": 0.3333333333333333,
        "F1": 0.3333333333333333,
        "distance_error": 0.0129574636119242
      }
    }
  },
  "L": {
    "text": {
      "answer": "The Museum of Natural History, located approximately forty kilometers east of the Ukrainian Cultural Garden in Cleveland, Ohio, is near the NASA Glenn Visitor Center.",
      "scores": {
        "attempted": true,
        "P": 0.1111111111111111,
        "R": 0.0317460317460317,
        "F1": 0.0493827160493827
      }
    },
    "parsed": {
      "answer": [
        {
          "name": "Museum of Natural History",
          "address": "approximately forty kilometers east of the Ukrainian Cultural Garden in Cleveland, Ohio",
          "distance": 150,
          "azimuth_angle": 90
        }
      ],
      "scores": {
        "attempted": true,
        "P": 0.1111111111111111,
        "R": 0.1666666666666666,
        "F1": 0.1333333333333333,
        "distance_error": 1.0
      }
    }
  },
  "LT": {
    "text": {
      "answer": "The Museum of Natural History, located approximately forty kilometers southeast of the Ukrainian Cultural Garden in Cleveland, Ohio.",
      "scores": {
        "attempted": true,
        "P": 0.0769230769230769,
        "R": 0.0158730158730158,
        "F1": 0.0263157894736842
      }
    },
    "parsed": {
      "answer": [
        {
          "name": "Museum of Natural History",
          "address": "approximately forty kilometers southeast of the Ukrainian Cultural Garden in Cleveland, Ohio",
          "distance": 150,
          "azimuth_angle": 135
        }
      ],
      "scores": {
        "attempted": true,
        "P": 0.1111111111111111,
        "R": 0.1666666666666666,
        "F1": 0.1333333333333333,
        "distance_error": 1.0
      }
    }
  },
  "LR": {
    "text": {
      "answer": "The Ukrainian Cultural Garden is located in Cleveland, Ohio.\n\nNASA Glenn Visitor Center is also located in Cleveland, Ohio.",
      "scores": {
        "attempted": true,
        "P": 0.0714285714285714,
        "R": 0.0158730158730158,
        "F1": 0.0259740259740259
      }
    },
    "parsed": {
      "answer": [
        {
          "name": "",
          "address": "Cleveland, Ohio",
          "count": null,
          "distance": 190,
          "length": null,
          "area": null,
          "azimuth_angle": null
        }
      ],
      "scores": {
        "attempted": true,
        "P": 0.5,
        "R": 0.1666666666666666,
        "F1": 0.25,
        "distance_error": 0.0014435612631733
      }
    }
  }
}