{
  "G": {
    "text": {
      "answer": "The Long Island Children's Museum is located in Garden City, New York.",
      "scores": {
        "attempted": true,
        "P": 0.2,
        "R": 0.1052631578947368,
        "F1": 0.1379310344827586
      }
    },
    "parsed": {
      "answer": [
        {
          "name": "Long Island Children's Museum",
          "address": "1500 Hempstead Turnpike, Garden City, NY 11530",
          "distance": 120,
          "azimuth_angle": 270
        }
      ],
      "scores": {
        "attempted": true,
        "P": 0.1428571428571428,
        "R": 0.1428571428571428,
        "F1": 0.1428571428571428,
        "distance_error": 0.0560090160650531
      }
    }
  },
  "GT": {
    "text": {
      "answer": "Long Island Children's Museum, Garden City, NY.",
      "scores": {
        "attempted": true,
        "P": 0.125,
        "R": 0.0526315789473684,
        "F1": 0.074074074074074
      }
    },
    "parsed": {
      "answer": [
        {
          "name": "Long Island Children's Museum",
          "address": "1010 Broadway, Garden City, NY 11530",
          "distance": 120,
          "azimuth_angle": 270
        }
      ],
      "scores": {
        "attempted": true,
        "P": 0.1666666666666666,
        "R": 0.1428571428571428,
        "F1": 0.1538461538461538,
        "distance_error": 0.0524975322297569
      }
    }
  },
  "GR": {
    "text": {
      "answer": "Garden City, New York.",
      "scores": {
        "attempted": true,
        "P": 0.5,
        "R": 0.1052631578947368,
        "F1": 0.1739130434782608
      }
    },
    "parsed": {
      "answer": [
        {
          "name": "Garden City Children's Museum",
          "address": "1000 Franklin Avenue, Garden City, NY 11530",
          "count": null,
          "distance": 140,
          "length": null,
          "area": null,
          "azimuth_angle": 270
        }
      ],
      "scores": {
        "attempted": true,
        "P": 0.1428571428571428,
        "R": 0.1428571428571428,
        "F1": 0.1428571428571428,
        "distance_error": 0.056865018866711
      }
    }
  },
  "L": {
    "text": {
      "answer": "The Children's Museum of the East End is located in Stony Brook, New York. It is approximately one hundred and thirty kilometers from Sloth Encounters in Hauppauge, NY.",
      "scores": {
        "attempted": true,
        "P": 0.2105263157894736,
        "R": 0.2105263157894736,
        "F1": 0.2105263157894736
      }
    },
    "parsed": {
      "answer": [
        {
          "name": "Children's Museum of the East End",
          "address": "2 Bonsal Avenue, Stony Brook, NY 11790",
          "distance": 130,
          "azimuth_angle": null,
          "length": null,
          "area": null
        }
      ],
      "scores": {
        "attempted": true,
        "P": 0.1428571428571428,
        "R": 0.1428571428571428,
        "F1": 0.1428571428571428,
        "distance_error": 1.0
      }
    }
  },
  "LT": {
    "text": {
      "answer": "I cannot provide information about specific children's museums. If you need help with something else, please let me know.",
      "scores": {
        "attempted": true,
        "P": 0.0,
        "R": 0.0,
        "F1": 0.0
      }
    },
    "parsed": {
      "answer": [
        {
          "name": null,
          "address": null,
          "distance": null,
          "length": null,
          "area": null,
          "azimuth_angle": null
        }
      ],
      "scores": {
        "attempted": false,
        "P": 0.0,
        "R": 0.0,
        "F1": 0.0,
        "distance_error": 1.0
      }
    }
  },
  "LR": {
    "text": {
      "answer": "The nearest children's museum is the Children's Museum of the East End in Bridgehampton, NY. It is approximately Seventy kilometers from Sloth Encounters, Hauppauge, NY.",
      "scores": {
        "attempted": true,
        "P": 0.1111111111111111,
        "R": 0.1052631578947368,
        "F1": 0.1081081081081081
      }
    },
    "parsed": {
      "answer": [
        {
          "name": "Children's Museum of the East End",
          "address": "2000 Montauk Hwy, Bridgehampton, NY 11942",
          "count": null,
          "distance": 70,
          "length": null,
          "area": null,
          "azimuth_angle": null
        }
      ],
      "scores": {
        "attempted": true,
        "P": 0.1666666666666666,
        "R": 0.1428571428571428,
        "F1": 0.1538461538461538,
        "distance_error": 0.0890875729800472
      }
    }
  }
}