{
  "G": {
    "text": {
      "answer": "Persimmon Ridge Park",
      "scores": {
        "attempted": true,
        "P": 0.3333333333333333,
        "R": 0.3333333333333333,
        "F1": 0.3333333333333333
      }
    },
    "parsed": {
      "answer": [
        {
          "name": "Persimmon Ridge Park",
          "address": "12345 Persimmon Ridge Rd, Smith County, TN 37166"
        }
      ],
      "scores": {
        "attempted": true,
        "P": 0.3333333333333333,
        "R": 0.3333333333333333,
        "F1": 0.3333333333333333
      }
    }
  },
  "GT": {
    "text": {
      "answer": "Warriors' Path State Park",
      "scores": {
        "attempted": true,
        "P": 0.25,
        "R": 0.3333333333333333,
        "F1": 0.2857142857142857
      }
    },
    "parsed": {
      "answer": [
        {
          "name": "Warriors' Path State Park",
          "address": "1000 E Main St, Kingsport, TN 37660",
          "distance": null,
          "length": null,
          "area": null,
          "azimuth_angle": null
        }
      ],
      "scores": {
        "attempted": true,
        "P": 0.25,
        "R": 0.3333333333333333,
        "F1": 0.2857142857142857
      }
    }
  },
  "GR": {
    "text": {
      "answer": "Persimmon Ridge Park",
      "scores": {
        "attempted": true,
        "P": 0.3333333333333333,
        "R": 0.3333333333333333,
        "F1": 0.3333333333333333
      }
    },
    "parsed": {
      "answer": [
        {
          "name": "Persimmon Ridge Park",
          "address": "12345 Persimmon Ridge Rd, Smith County, TN 37166"
        }
      ],
      "scores": {
        "attempted": true,
        "P": 0.3333333333333333,
        "R": 0.3333333333333333,
        "F1": 0.3333333333333333
      }
    }
  },
  "L": {
    "text": {
      "answer": "Fort Loudoun State Park.",
      "scores": {
        "attempted": true,
        "P": 0.25,
        "R": 0.3333333333333333,
        "F1": 0.2857142857142857
      }
    },
    "parsed": {
      "answer": [
        {
          "name": "Fort Loudoun State Park",
          "address": "300 Fort Loudoun Ave, Lenoir City, TN 37771"
        }
      ],
      "scores": {
        "attempted": true,
        "P": 0.25,
        "R": 0.3333333333333333,
        "F1": 0.2857142857142857
      }
    }
  },
  "LT": {
    "text": {
      "answer": "Fort Loudoun State Park.",
      "scores": {
        "attempted": true,
        "P": 0.25,
        "R": 0.3333333333333333,
        "F1": 0.2857142857142857
      }
    },
    "parsed": {
      "answer": [
        {
          "name": "Fort Loudoun State Park",
          "address": "300 Fort Loudoun Ave, Lenoir City, TN 37771"
        }
      ],
      "scores": {
        "attempted": true,
        "P": 0.25,
        "R": 0.3333333333333333,
        "F1": 0.2857142857142857
      }
    }
  },
  "LR": {
    "text": {
      "answer": "The name of the most extensive park in Washington County, Tennessee.",
      "scores": {
        "attempted": true,
        "P": 0.1666666666666666,
        "R": 0.3333333333333333,
        "F1": 0.2222222222222222
      }
    },
    "parsed": {
      "answer": [
        {
          "name": "Land Between the Lakes National Recreation Area",
          "address": "1 Land Between The Lakes Pkwy, Golden Pond, TN 37082",
          "count": null,
          "distance": null,
          "length": null,
          "area": 18600,
          "azimuth_angle": null
        }
      ],
      "scores": {
        "attempted": true,
        "P": 0.0,
        "R": 0.0,
        "F1": 0.0
      }
    }
  }
}