{
  "G": {
    "text": {
      "answer": "New York University",
      "scores": {
        "attempted": true,
        "P": 0.6666666666666666,
        "R": 0.0168067226890756,
        "F1": 0.0327868852459016
      }
    },
    "parsed": {
      "answer": [
        {
          "name": "New York University",
          "address": "238 Mercer St, New York, NY 10012",
          "distance": 160,
          "azimuth_angle": null,
          "length": null,
          "area": null
        }
      ],
      "scores": {
        "attempted": true,
        "P": 0.7142857142857143,
        "R": 0.8333333333333334,
        "F1": 0.7692307692307692,
        "distance_error": 0.0001566717953369
      }
    }
  },
  "GT": {
    "text": {
      "answer": "New York University",
      "scores": {
        "attempted": true,
        "P": 0.6666666666666666,
        "R": 0.0168067226890756,
        "F1": 0.0327868852459016
      }
    },
    "parsed": {
      "answer": [
        {
          "name": "New York University",
          "address": "238 Mercer St, New York, NY 10012",
          "distance": 160,
          "azimuth_angle": null,
          "length": null,
          "area": null
        }
      ],
      "scores": {
        "attempted": true,
        "P": 0.7142857142857143,
        "R": 0.8333333333333334,
        "F1": 0.7692307692307692,
        "distance_error": 0.0001566717953369
      }
    }
  },
  "GR": {
    "text": {
      "answer": "New York University",
      "scores": {
        "attempted": true,
        "P": 0.6666666666666666,
        "R": 0.0168067226890756,
        "F1": 0.0327868852459016
      }
    },
    "parsed": {
      "answer": [
        {
          "name": "New York University",
          "address": "238 Mercer St, New York, NY 10012",
          "count": null,
          "distance": 160,
          "length": null,
          "area": null,
          "azimuth_angle": null
        }
      ],
      "scores": {
        "attempted": true,
        "P": 0.7142857142857143,
        "R": 0.8333333333333334,
        "F1": 0.7692307692307692,
        "distance_error": 0.0001566717953369
      }
    }
  },
  "L": {
    "text": {
      "answer": "Columbia University is approximately forty kilometers north of the Greene Naftali Gallery in New York, NY.",
      "scores": {
        "attempted": true,
        "P": 0.25,
        "R": 0.0252100840336134,
        "F1": 0.0458015267175572
      }
    },
    "parsed": {
      "answer": [
        {
          "name": "Columbia University",
          "address": "Fort Washington Avenue and Broadway, New York, NY 10027",
          "distance": 40,
          "azimuth_angle": 90
        }
      ],
      "scores": {
        "attempted": true,
        "P": 0.5,
        "R": 0.8,
        "F1": 0.6153846153846154,
        "distance_error": 1.0
      }
    }
  },
  "LT": {
    "text": {
      "answer": "Columbia University is approximately one hundred and fifty kilometers north of the Greene Naftali Gallery in New York.",
      "scores": {
        "attempted": true,
        "P": 0.1538461538461538,
        "R": 0.0168067226890756,
        "F1": 0.0303030303030303
      }
    },
    "parsed": {
      "answer": [
        {
          "name": "Columbia University",
          "address": "New York, NY",
          "distance": 150,
          "azimuth_angle": 90
        }
      ],
      "scores": {
        "attempted": true,
        "P": 1.0,
        "R": 0.6,
        "F1": 0.7499999999999999,
        "distance_error": 0.0039431065343767
      }
    }
  },
  "LR": {
    "text": {
      "answer": "Columbia University",
      "scores": {
        "attempted": true,
        "P": 0.0,
        "R": 0.0,
        "F1": 0.0
      }
    },
    "parsed": {
      "answer": [
        {
          "name": "Columbia University",
          "address": "New York, NY 10027",
          "count": null,
          "distance": 160,
          "length": null,
          "area": null,
          "azimuth_angle": null
        }
      ],
      "scores": {
        "attempted": true,
        "P": 0.75,
        "R": 0.6,
        "F1": 0.6666666666666665,
        "distance_error": 0.0039431065343767
      }
    }
  }
}