{
  "G": {
    "text": {
      "answer": "Cleveland Metroparks Zoo",
      "scores": {
        "attempted": true,
        "P": 0.3333333333333333,
        "R": 0.3333333333333333,
        "F1": 0.3333333333333333
      }
    },
    "parsed": {
      "answer": [
        {
          "name": "Cleveland Metroparks Zoo",
          "address": "3900 Wildlife Way, Cleveland, OH 44114",
          "distance": 64,
          "length": null,
          "area": null,
          "azimuth_angle": null
        }
      ],
      "scores": {
        "attempted": true,
        "P": 0.3333333333333333,
        "R": 0.3333333333333333,
        "F1": 0.3333333333333333
      }
    }
  },
  "GT": {
    "text": {
      "answer": "Cleveland Metroparks Zoo",
      "scores": {
        "attempted": true,
        "P": 0.3333333333333333,
        "R": 0.3333333333333333,
        "F1": 0.3333333333333333
      }
    },
    "parsed": {
      "answer": [
        {
          "name": "Cleveland Metroparks Zoo",
          "address": "3900 Wildlife Way, Cleveland, OH 44114",
          "distance": 64,
          "length": null,
          "area": null,
          "azimuth_angle": null
        }
      ],
      "scores": {
        "attempted": true,
        "P": 0.3333333333333333,
        "R": 0.3333333333333333,
        "F1": 0.3333333333333333
      }
    }
  },
  "GR": {
    "text": {
      "answer": "Cleveland Metroparks Zoo",
      "scores": {
        "attempted": true,
        "P": 0.3333333333333333,
        "R": 0.3333333333333333,
        "F1": 0.3333333333333333
      }
    },
    "parsed": {
      "answer": [
        {
          "name": "Cleveland Metroparks Zoo",
          "address": "3900 Wildlife Way, Cleveland, OH 44114",
          "count": null,
          "distance": 64,
          "length": null,
          "area": null,
          "azimuth_angle": null
        }
      ],
      "scores": {
        "attempted": true,
        "P": 0.3333333333333333,
        "R": 0.3333333333333333,
        "F1": 0.3333333333333333
      }
    }
  },
  "L": {
    "text": {
      "answer": "The Columbus Zoo and Aquarium is approximately sixty kilometers away from Concord Woods Nature Park, Concord Township, OH.",
      "scores": {
        "attempted": true,
        "P": 0.0714285714285714,
        "R": 0.3333333333333333,
        "F1": 0.1176470588235294
      }
    },
    "parsed": {
      "answer": [
        {
          "name": "Columbus Zoo and Aquarium",
          "address": "4847 W Powell Rd, Powell, OH 43065",
          "distance": 60,
          "azimuth_angle": null,
          "length": null,
          "area": null
        }
      ],
      "scores": {
        "attempted": true,
        "P": 0.3333333333333333,
        "R": 0.3333333333333333,
        "F1": 0.3333333333333333
      }
    }
  },
  "LT": {
    "text": {
      "answer": "Columbus Zoo and Aquarium is approximately forty kilometers away.",
      "scores": {
        "attempted": true,
        "P": 0.1428571428571428,
        "R": 0.3333333333333333,
        "F1": 0.2
      }
    },
    "parsed": {
      "answer": [
        {
          "name": "Columbus Zoo and Aquarium",
          "address": "4847 W Powell Rd, Powell, OH 43065",
          "distance": 40,
          "azimuth_angle": null,
          "length": null,
          "area": null
        }
      ],
      "scores": {
        "attempted": true,
        "P": 0.3333333333333333,
        "R": 0.3333333333333333,
        "F1": 0.3333333333333333
      }
    }
  },
  "LR": {
    "text": {
      "answer": "Mountain Mike's is approximately forty kilometers away from Concord Woods Nature Park, Concord Township, OH.",
      "scores": {
        "attempted": true,
        "P": 0.0,
        "R": 0.0,
        "F1": 0.0
      }
    },
    "parsed": {
      "answer": [
        {
          "name": "Mountain Mike's",
          "address": "approximately forty kilometers away from Concord Woods Nature Park, Concord Township, OH",
          "count": null,
          "distance": 40,
          "length": null,
          "area": null,
          "azimuth_angle": null
        }
      ],
      "scores": {
        "attempted": true,
        "P": 0.0,
        "R": 0.0,
        "F1": 0.0
      }
    }
  }
}