{
  "G": {
    "text": {
      "answer": "Lackawanna State Park",
      "scores": {
        "attempted": true,
        "P": 0.3333333333333333,
        "R": 0.1666666666666666,
        "F1": 0.2222222222222222
      }
    },
    "parsed": {
      "answer": [
        {
          "name": "Lackawanna State Park",
          "address": "Roaring Brook Township, Pennsylvania"
        }
      ],
      "scores": {
        "attempted": true,
        "P": 0.3333333333333333,
        "R": 0.3333333333333333,
        "F1": 0.3333333333333333
      }
    }
  },
  "GT": {
    "text": {
      "answer": "Lackawanna State Park",
      "scores": {
        "attempted": true,
        "P": 0.3333333333333333,
        "R": 0.1666666666666666,
        "F1": 0.2222222222222222
      }
    },
    "parsed": {
      "answer": [
        {
          "name": "Lackawanna State Park",
          "address": "Roaring Brook Township, Pennsylvania"
        }
      ],
      "scores": {
        "attempted": true,
        "P": 0.3333333333333333,
        "R": 0.3333333333333333,
        "F1": 0.3333333333333333
      }
    }
  },
  "GR": {
    "text": {
      "answer": "Lackawanna State Park",
      "scores": {
        "attempted": true,
        "P": 0.3333333333333333,
        "R": 0.1666666666666666,
        "F1": 0.2222222222222222
      }
    },
    "parsed": {
      "answer": [
        {
          "name": "Lackawanna State Park",
          "address": "Roaring Brook Township, Pennsylvania",
          "count": null,
          "distance": null,
          "length": null,
          "area": 5600,
          "azimuth_angle": null
        }
      ],
      "scores": {
        "attempted": true,
        "P": 0.3333333333333333,
        "R": 0.3333333333333333,
        "F1": 0.3333333333333333
      }
    }
  },
  "L": {
    "text": {
      "answer": "The largest nature reserve located in Roaring Brook Township, Pennsylvania is the Ricketts Glen State Park.",
      "scores": {
        "attempted": true,
        "P": 0.0833333333333333,
        "R": 0.1666666666666666,
        "F1": 0.1111111111111111
      }
    },
    "parsed": {
      "answer": [
        {
          "name": "Ricketts Glen State Park",
          "address": "Roaring Brook Township, Pennsylvania",
          "distance": null,
          "length": null,
          "area": null,
          "azimuth_angle": null
        }
      ],
      "scores": {
        "attempted": true,
        "P": 0.25,
        "R": 0.3333333333333333,
        "F1": 0.2857142857142857
      }
    }
  },
  "LT": {
    "text": {
      "answer": "The largest nature reserve located in Roaring Brook Township, Pennsylvania is the Ricketts Glen State Park.",
      "scores": {
        "attempted": true,
        "P": 0.0833333333333333,
        "R": 0.1666666666666666,
        "F1": 0.1111111111111111
      }
    },
    "parsed": {
      "answer": [
        {
          "name": "Ricketts Glen State Park",
          "address": "Roaring Brook Township, Pennsylvania",
          "distance": null,
          "length": null,
          "area": null,
          "azimuth_angle": null
        }
      ],
      "scores": {
        "attempted": true,
        "P": 0.25,
        "R": 0.3333333333333333,
        "F1": 0.2857142857142857
      }
    }
  },
  "LR": {
    "text": {
      "answer": "The information about a specific nature reserve in Roaring Brook Township, Pennsylvania cannot be provided based on the given records.",
      "scores": {
        "attempted": true,
        "P": 0.0,
        "R": 0.0,
        "F1": 0.0
      }
    },
    "parsed": {
      "answer": [
        {
          "name": null,
          "address": null,
          "count": null,
          "distance": null,
          "length": null,
          "area": null,
          "azimuth_angle": null
        }
      ],
      "scores": {
        "attempted": false,
        "P": 0.0,
        "R": 0.0,
        "F1": 0.0
      }
    }
  }
}